<?xml version="1.0" encoding="utf-8"?>
<!DOCTYPE article PUBLIC "-//NLM//DTD JATS (Z39.96) Journal Archiving
and Interchange DTD v1.2 20190208//EN" "JATS-archivearticle1.dtd">
<article xmlns:mml="http://www.w3.org/1998/Math/MathML" xmlns:xlink="http://www.w3.org/1999/xlink" dtd-version="1.2" article-type="other">
  <front>
    <article-meta>
      <title-group>
        <article-title>On the natural exponential family generated by the
generalised hyperbolic secant distribution</article-title>
      </title-group>
      <contrib-group>
        <contrib contrib-type="author" corresp="yes">
          <name>
            <surname>AI</surname>
            <given-names>Karim</given-names>
          </name>
          <string-name>Karim AI</string-name>
          <role vocab="https://credit.niso.org" vocab-term="writing – original draft" vocab-term-identifier="https://credit.niso.org/contributor-roles/writing-original-draft/">writing</role>
          <xref ref-type="aff" rid="aff-1">a</xref>
          <xref ref-type="corresp" rid="cor-1">*</xref>
        </contrib>
      </contrib-group>
      <aff id="aff-1">
        <institution-wrap>
          <institution>University of Bath</institution>
        </institution-wrap>
      </aff>
      <author-notes>
        <corresp id="cor-1"/>
      </author-notes>
      <history/>
    </article-meta>
  </front>
  <body>
    <sec id="intro">
      <title>Intro</title>
      <p>This vignette serves two purposes</p>
      <list list-type="bullet">
        <list-item>
          <p>Introduced the missing GLM distribution</p>
        </list-item>
        <list-item>
          <p>review of GLMs and extensions in <monospace>R</monospace></p>
        </list-item>
      </list>
    </sec>
    <sec id="preliminaries">
      <title>Preliminaries</title>
      <p>A continuous real random variable <inline-formula><alternatives><tex-math><![CDATA[Z]]></tex-math><mml:math xmlns:mml="http://www.w3.org/1998/Math/MathML" display="inline"><mml:mi>Z</mml:mi></mml:math></alternatives></inline-formula>
  is said to follow a <italic>generalised hyperbolic secant
  distribution</italic> (GHS)
  (<xref alt="Harkness and Harkness 1968" rid="ref-Harkness_GHS" ref-type="bibr">Harkness
  and Harkness 1968</xref>) with parameter
  <inline-formula><alternatives><tex-math><![CDATA[\lambda>0]]></tex-math><mml:math xmlns:mml="http://www.w3.org/1998/Math/MathML" display="inline"><mml:mrow><mml:mi>λ</mml:mi><mml:mo>&gt;</mml:mo><mml:mn>0</mml:mn></mml:mrow></mml:math></alternatives></inline-formula>
  if the corresponding probability density function can be written
  as:</p>
      <p>
        <disp-formula>
          <alternatives>
            <tex-math><![CDATA[
  g(z|\lambda)
  =
  \frac{2^{\lambda-2}\,\Gamma\left(\frac{\lambda}{2}+i\frac{z}{2}\right)\Gamma\left(\frac{\lambda}{2}-i\frac{z}{2}\right)}{\pi\,\Gamma(\lambda)}\,,\quad z \in {\mathcal R}\,,
  ]]></tex-math>
            <mml:math xmlns:mml="http://www.w3.org/1998/Math/MathML" display="block">
              <mml:mrow>
                <mml:mi>g</mml:mi>
                <mml:mrow>
                  <mml:mo stretchy="true" form="prefix">(</mml:mo>
                  <mml:mi>z</mml:mi>
                  <mml:mo stretchy="false" form="prefix">|</mml:mo>
                  <mml:mi>λ</mml:mi>
                  <mml:mo stretchy="true" form="postfix">)</mml:mo>
                </mml:mrow>
                <mml:mo>=</mml:mo>
                <mml:mfrac>
                  <mml:mrow>
                    <mml:msup>
                      <mml:mn>2</mml:mn>
                      <mml:mrow>
                        <mml:mi>λ</mml:mi>
                        <mml:mo>−</mml:mo>
                        <mml:mn>2</mml:mn>
                      </mml:mrow>
                    </mml:msup>
                    <mml:mspace width="0.167em"/>
                    <mml:mi>Γ</mml:mi>
                    <mml:mrow>
                      <mml:mo stretchy="true" form="prefix">(</mml:mo>
                      <mml:mfrac>
                        <mml:mi>λ</mml:mi>
                        <mml:mn>2</mml:mn>
                      </mml:mfrac>
                      <mml:mo>+</mml:mo>
                      <mml:mi>i</mml:mi>
                      <mml:mfrac>
                        <mml:mi>z</mml:mi>
                        <mml:mn>2</mml:mn>
                      </mml:mfrac>
                      <mml:mo stretchy="true" form="postfix">)</mml:mo>
                    </mml:mrow>
                    <mml:mi>Γ</mml:mi>
                    <mml:mrow>
                      <mml:mo stretchy="true" form="prefix">(</mml:mo>
                      <mml:mfrac>
                        <mml:mi>λ</mml:mi>
                        <mml:mn>2</mml:mn>
                      </mml:mfrac>
                      <mml:mo>−</mml:mo>
                      <mml:mi>i</mml:mi>
                      <mml:mfrac>
                        <mml:mi>z</mml:mi>
                        <mml:mn>2</mml:mn>
                      </mml:mfrac>
                      <mml:mo stretchy="true" form="postfix">)</mml:mo>
                    </mml:mrow>
                  </mml:mrow>
                  <mml:mrow>
                    <mml:mi>π</mml:mi>
                    <mml:mspace width="0.167em"/>
                    <mml:mi>Γ</mml:mi>
                    <mml:mrow>
                      <mml:mo stretchy="true" form="prefix">(</mml:mo>
                      <mml:mi>λ</mml:mi>
                      <mml:mo stretchy="true" form="postfix">)</mml:mo>
                    </mml:mrow>
                  </mml:mrow>
                </mml:mfrac>
                <mml:mspace width="0.167em"/>
                <mml:mo>,</mml:mo>
                <mml:mspace width="1.0em"/>
                <mml:mi>z</mml:mi>
                <mml:mo>∈</mml:mo>
                <mml:mi>ℛ</mml:mi>
                <mml:mspace width="0.167em"/>
                <mml:mo>,</mml:mo>
              </mml:mrow>
            </mml:math>
          </alternatives>
        </disp-formula>
      </p>
      <p>where <inline-formula><alternatives><tex-math><![CDATA[\Gamma(w)]]></tex-math><mml:math xmlns:mml="http://www.w3.org/1998/Math/MathML" display="inline"><mml:mrow><mml:mi>Γ</mml:mi><mml:mrow><mml:mo stretchy="true" form="prefix">(</mml:mo><mml:mi>w</mml:mi><mml:mo stretchy="true" form="postfix">)</mml:mo></mml:mrow></mml:mrow></mml:math></alternatives></inline-formula>
  is the
  <ext-link ext-link-type="uri" xlink:href="https://en.wikipedia.org/wiki/Gamma_function">Gamma
  function</ext-link> in the complex plane, that is</p>
      <p>
        <disp-formula>
          <alternatives>
            <tex-math><![CDATA[
  \Gamma(w)=\int_{0}^\infty t^{w-1}\exp(-t)dt\,,\qquad Re(w)>0\,.
  ]]></tex-math>
            <mml:math xmlns:mml="http://www.w3.org/1998/Math/MathML" display="block">
              <mml:mrow>
                <mml:mi>Γ</mml:mi>
                <mml:mrow>
                  <mml:mo stretchy="true" form="prefix">(</mml:mo>
                  <mml:mi>w</mml:mi>
                  <mml:mo stretchy="true" form="postfix">)</mml:mo>
                </mml:mrow>
                <mml:mo>=</mml:mo>
                <mml:msubsup>
                  <mml:mo>∫</mml:mo>
                  <mml:mn>0</mml:mn>
                  <mml:mi>∞</mml:mi>
                </mml:msubsup>
                <mml:msup>
                  <mml:mi>t</mml:mi>
                  <mml:mrow>
                    <mml:mi>w</mml:mi>
                    <mml:mo>−</mml:mo>
                    <mml:mn>1</mml:mn>
                  </mml:mrow>
                </mml:msup>
                <mml:mo>exp</mml:mo>
                <mml:mrow>
                  <mml:mo stretchy="true" form="prefix">(</mml:mo>
                  <mml:mi>−</mml:mi>
                  <mml:mi>t</mml:mi>
                  <mml:mo stretchy="true" form="postfix">)</mml:mo>
                </mml:mrow>
                <mml:mi>d</mml:mi>
                <mml:mi>t</mml:mi>
                <mml:mspace width="0.167em"/>
                <mml:mo>,</mml:mo>
                <mml:mspace width="2.0em"/>
                <mml:mi>R</mml:mi>
                <mml:mi>e</mml:mi>
                <mml:mrow>
                  <mml:mo stretchy="true" form="prefix">(</mml:mo>
                  <mml:mi>w</mml:mi>
                  <mml:mo stretchy="true" form="postfix">)</mml:mo>
                </mml:mrow>
                <mml:mo>&gt;</mml:mo>
                <mml:mn>0</mml:mn>
                <mml:mspace width="0.167em"/>
                <mml:mi>.</mml:mi>
              </mml:mrow>
            </mml:math>
          </alternatives>
        </disp-formula>
      </p>
      <p>The name of the distribution comes from the case
  <inline-formula><alternatives><tex-math><![CDATA[\lambda=1]]></tex-math><mml:math xmlns:mml="http://www.w3.org/1998/Math/MathML" display="inline"><mml:mrow><mml:mi>λ</mml:mi><mml:mo>=</mml:mo><mml:mn>1</mml:mn></mml:mrow></mml:math></alternatives></inline-formula>,
  e.g.</p>
      <p>
        <disp-formula>
          <alternatives>
            <tex-math><![CDATA[
  g(z|1)
  =
  \frac{\Gamma\left(\frac{1}{2}+i\frac{z}{2}\right)\Gamma\left(\frac{1}{2}-i\frac{z}{2}\right)}{2\pi\Gamma(1)}
  =\frac{\pi}{2\pi\,\cosh(\pi\,z/2)}=\frac{1}{2}\textrm{sech}\left(\frac{\pi\,z}{2}\right)
  ]]></tex-math>
            <mml:math xmlns:mml="http://www.w3.org/1998/Math/MathML" display="block">
              <mml:mrow>
                <mml:mi>g</mml:mi>
                <mml:mrow>
                  <mml:mo stretchy="true" form="prefix">(</mml:mo>
                  <mml:mi>z</mml:mi>
                  <mml:mo stretchy="false" form="prefix">|</mml:mo>
                  <mml:mn>1</mml:mn>
                  <mml:mo stretchy="true" form="postfix">)</mml:mo>
                </mml:mrow>
                <mml:mo>=</mml:mo>
                <mml:mfrac>
                  <mml:mrow>
                    <mml:mi>Γ</mml:mi>
                    <mml:mrow>
                      <mml:mo stretchy="true" form="prefix">(</mml:mo>
                      <mml:mfrac>
                        <mml:mn>1</mml:mn>
                        <mml:mn>2</mml:mn>
                      </mml:mfrac>
                      <mml:mo>+</mml:mo>
                      <mml:mi>i</mml:mi>
                      <mml:mfrac>
                        <mml:mi>z</mml:mi>
                        <mml:mn>2</mml:mn>
                      </mml:mfrac>
                      <mml:mo stretchy="true" form="postfix">)</mml:mo>
                    </mml:mrow>
                    <mml:mi>Γ</mml:mi>
                    <mml:mrow>
                      <mml:mo stretchy="true" form="prefix">(</mml:mo>
                      <mml:mfrac>
                        <mml:mn>1</mml:mn>
                        <mml:mn>2</mml:mn>
                      </mml:mfrac>
                      <mml:mo>−</mml:mo>
                      <mml:mi>i</mml:mi>
                      <mml:mfrac>
                        <mml:mi>z</mml:mi>
                        <mml:mn>2</mml:mn>
                      </mml:mfrac>
                      <mml:mo stretchy="true" form="postfix">)</mml:mo>
                    </mml:mrow>
                  </mml:mrow>
                  <mml:mrow>
                    <mml:mn>2</mml:mn>
                    <mml:mi>π</mml:mi>
                    <mml:mi>Γ</mml:mi>
                    <mml:mrow>
                      <mml:mo stretchy="true" form="prefix">(</mml:mo>
                      <mml:mn>1</mml:mn>
                      <mml:mo stretchy="true" form="postfix">)</mml:mo>
                    </mml:mrow>
                  </mml:mrow>
                </mml:mfrac>
                <mml:mo>=</mml:mo>
                <mml:mfrac>
                  <mml:mi>π</mml:mi>
                  <mml:mrow>
                    <mml:mn>2</mml:mn>
                    <mml:mi>π</mml:mi>
                    <mml:mspace width="0.167em"/>
                    <mml:mo>cosh</mml:mo>
                    <mml:mrow>
                      <mml:mo stretchy="true" form="prefix">(</mml:mo>
                      <mml:mi>π</mml:mi>
                      <mml:mspace width="0.167em"/>
                      <mml:mi>z</mml:mi>
                      <mml:mi>/</mml:mi>
                      <mml:mn>2</mml:mn>
                      <mml:mo stretchy="true" form="postfix">)</mml:mo>
                    </mml:mrow>
                  </mml:mrow>
                </mml:mfrac>
                <mml:mo>=</mml:mo>
                <mml:mfrac>
                  <mml:mn>1</mml:mn>
                  <mml:mn>2</mml:mn>
                </mml:mfrac>
                <mml:mtext mathvariant="normal">sech</mml:mtext>
                <mml:mrow>
                  <mml:mo stretchy="true" form="prefix">(</mml:mo>
                  <mml:mfrac>
                    <mml:mrow>
                      <mml:mi>π</mml:mi>
                      <mml:mspace width="0.167em"/>
                      <mml:mi>z</mml:mi>
                    </mml:mrow>
                    <mml:mn>2</mml:mn>
                  </mml:mfrac>
                  <mml:mo stretchy="true" form="postfix">)</mml:mo>
                </mml:mrow>
              </mml:mrow>
            </mml:math>
          </alternatives>
        </disp-formula>
      </p>
      <p>which can be obtained by using identity 6.1.30 in Abramowitz and
  Stegun
  (<xref alt="1964" rid="ref-abramowitz_stegun" ref-type="bibr">1964</xref>).</p>
      <p>Using the properties of the complex Gamma function (Section 6.1 in
  Abramowitz and Stegun
  (<xref alt="1964" rid="ref-abramowitz_stegun" ref-type="bibr">1964</xref>))
  we can write the log densities as follows:</p>
      <p><disp-formula><alternatives><tex-math><![CDATA[
  \log g(z|\lambda)
  =
  (\lambda-2)\log(2)-\log(\pi)-\log \Gamma(\lambda)+
  2\,Re\left(\log \Gamma\left(\frac{\lambda}{2}+i\frac{z}{2}\right)\right)
  ]]></tex-math><mml:math xmlns:mml="http://www.w3.org/1998/Math/MathML" display="block"><mml:mrow><mml:mo>log</mml:mo><mml:mi>g</mml:mi><mml:mrow><mml:mo stretchy="true" form="prefix">(</mml:mo><mml:mi>z</mml:mi><mml:mo stretchy="false" form="prefix">|</mml:mo><mml:mi>λ</mml:mi><mml:mo stretchy="true" form="postfix">)</mml:mo></mml:mrow><mml:mo>=</mml:mo><mml:mrow><mml:mo stretchy="true" form="prefix">(</mml:mo><mml:mi>λ</mml:mi><mml:mo>−</mml:mo><mml:mn>2</mml:mn><mml:mo stretchy="true" form="postfix">)</mml:mo></mml:mrow><mml:mo>log</mml:mo><mml:mrow><mml:mo stretchy="true" form="prefix">(</mml:mo><mml:mn>2</mml:mn><mml:mo stretchy="true" form="postfix">)</mml:mo></mml:mrow><mml:mo>−</mml:mo><mml:mo>log</mml:mo><mml:mrow><mml:mo stretchy="true" form="prefix">(</mml:mo><mml:mi>π</mml:mi><mml:mo stretchy="true" form="postfix">)</mml:mo></mml:mrow><mml:mo>−</mml:mo><mml:mo>log</mml:mo><mml:mi>Γ</mml:mi><mml:mrow><mml:mo stretchy="true" form="prefix">(</mml:mo><mml:mi>λ</mml:mi><mml:mo stretchy="true" form="postfix">)</mml:mo></mml:mrow><mml:mo>+</mml:mo><mml:mn>2</mml:mn><mml:mspace width="0.167em"/><mml:mi>R</mml:mi><mml:mi>e</mml:mi><mml:mrow><mml:mo stretchy="true" form="prefix">(</mml:mo><mml:mo>log</mml:mo><mml:mi>Γ</mml:mi><mml:mrow><mml:mo stretchy="true" form="prefix">(</mml:mo><mml:mfrac><mml:mi>λ</mml:mi><mml:mn>2</mml:mn></mml:mfrac><mml:mo>+</mml:mo><mml:mi>i</mml:mi><mml:mfrac><mml:mi>z</mml:mi><mml:mn>2</mml:mn></mml:mfrac><mml:mo stretchy="true" form="postfix">)</mml:mo></mml:mrow><mml:mo stretchy="true" form="postfix">)</mml:mo></mml:mrow></mml:mrow></mml:math></alternatives></disp-formula>
  To compute <inline-formula><alternatives><tex-math><![CDATA[g(z|\lambda)]]></tex-math><mml:math xmlns:mml="http://www.w3.org/1998/Math/MathML" display="inline"><mml:mrow><mml:mi>g</mml:mi><mml:mrow><mml:mo stretchy="true" form="prefix">(</mml:mo><mml:mi>z</mml:mi><mml:mo stretchy="false" form="prefix">|</mml:mo><mml:mi>λ</mml:mi><mml:mo stretchy="true" form="postfix">)</mml:mo></mml:mrow></mml:mrow></mml:math></alternatives></inline-formula>
  we only need a function to evaluate the log of the Gamma function in
  the complex plane and here we use the <monospace>gls</monospace>
  package (Hankin
  (<xref alt="2006" rid="ref-gsl_package" ref-type="bibr">2006</xref>))
  to do so.</p>
      <code language="r script">library(gsl)
dghs  &lt;- function(z,lambda,log=F){
  logf  &lt;- (lambda-2)*log(2) - log(pi) - 
    lgamma(lambda) + 2*Re(lngamma_complex((lambda+z*1i)/2))
  if (log){
    res &lt;- logf
  }else{
    res &lt;- exp(logf) 
  }
  res
}</code>
      <fig id="fig-dens-ghs">
        <caption>
          <p>Figure 1: Generalised hyperbolic secant
    densities</p>
        </caption>
        <graphic mimetype="image" mime-subtype="png" xlink:href="index_files/figure-jats/fig-dens-ghs-1.png"/>
      </fig>
      <p>The densities <inline-formula><alternatives><tex-math><![CDATA[g(z|\lambda)]]></tex-math><mml:math xmlns:mml="http://www.w3.org/1998/Math/MathML" display="inline"><mml:mrow><mml:mi>g</mml:mi><mml:mrow><mml:mo stretchy="true" form="prefix">(</mml:mo><mml:mi>z</mml:mi><mml:mo stretchy="false" form="prefix">|</mml:mo><mml:mi>λ</mml:mi><mml:mo stretchy="true" form="postfix">)</mml:mo></mml:mrow></mml:mrow></mml:math></alternatives></inline-formula>
  are symmetric about zero (see
  <xref alt="Figure 1" rid="fig-dens-ghs">Figure 1</xref>) with
  exponentially decaying tails.</p>
      <p>The moment generating function of the GHS distribution is well
  defined and is given by:</p>
      <p>The above implies the GHS distribution is infinitely divisible so
  that the probability distribution of independent sums of GHS
  distributions is also a GHS distribution. Then any GHS distribution
  with integer <inline-formula><alternatives><tex-math><![CDATA[\lambda]]></tex-math><mml:math xmlns:mml="http://www.w3.org/1998/Math/MathML" display="inline"><mml:mi>λ</mml:mi></mml:math></alternatives></inline-formula>
  can be reproduced by convolutions of the basic density with
  <inline-formula><alternatives><tex-math><![CDATA[\lambda=1]]></tex-math><mml:math xmlns:mml="http://www.w3.org/1998/Math/MathML" display="inline"><mml:mrow><mml:mi>λ</mml:mi><mml:mo>=</mml:mo><mml:mn>1</mml:mn></mml:mrow></mml:math></alternatives></inline-formula>.</p>
      <p>The distribution has zero mean and the parameter
  <inline-formula><alternatives><tex-math><![CDATA[\lambda]]></tex-math><mml:math xmlns:mml="http://www.w3.org/1998/Math/MathML" display="inline"><mml:mi>λ</mml:mi></mml:math></alternatives></inline-formula>
  that equals the variance.</p>
      <p>In this way, the <italic>standard</italic> distribution is
  <inline-formula><alternatives><tex-math><![CDATA[g(z|1)]]></tex-math><mml:math xmlns:mml="http://www.w3.org/1998/Math/MathML" display="inline"><mml:mrow><mml:mi>g</mml:mi><mml:mrow><mml:mo stretchy="true" form="prefix">(</mml:mo><mml:mi>z</mml:mi><mml:mo stretchy="false" form="prefix">|</mml:mo><mml:mn>1</mml:mn><mml:mo stretchy="true" form="postfix">)</mml:mo></mml:mrow></mml:mrow></mml:math></alternatives></inline-formula>.
  The natural exponential family (NEF) generated by the GHS distribution
  has therefore densities of the form:</p>
      <p>
        <disp-formula>
          <alternatives>
            <tex-math><![CDATA[
  \tilde{f}_Z(z|\theta,\lambda)=\exp(\theta\,z-\lambda\log(\sec(\theta)))\,g(z|\lambda)
  \,,\qquad |\theta|<\frac{\pi}{2}\,.
  ]]></tex-math>
            <mml:math xmlns:mml="http://www.w3.org/1998/Math/MathML" display="block">
              <mml:mrow>
                <mml:msub>
                  <mml:mover>
                    <mml:mi>f</mml:mi>
                    <mml:mo accent="true">̃</mml:mo>
                  </mml:mover>
                  <mml:mi>Z</mml:mi>
                </mml:msub>
                <mml:mrow>
                  <mml:mo stretchy="true" form="prefix">(</mml:mo>
                  <mml:mi>z</mml:mi>
                  <mml:mrow>
                    <mml:mo stretchy="true" form="prefix">|</mml:mo>
                    <mml:mi>θ</mml:mi>
                    <mml:mo>,</mml:mo>
                    <mml:mi>λ</mml:mi>
                    <mml:mo stretchy="false" form="postfix">)</mml:mo>
                    <mml:mo>=</mml:mo>
                    <mml:mo>exp</mml:mo>
                    <mml:mrow>
                      <mml:mo stretchy="true" form="prefix">(</mml:mo>
                      <mml:mi>θ</mml:mi>
                      <mml:mspace width="0.167em"/>
                      <mml:mi>z</mml:mi>
                      <mml:mo>−</mml:mo>
                      <mml:mi>λ</mml:mi>
                      <mml:mo>log</mml:mo>
                      <mml:mrow>
                        <mml:mo stretchy="true" form="prefix">(</mml:mo>
                        <mml:mo>sec</mml:mo>
                        <mml:mrow>
                          <mml:mo stretchy="true" form="prefix">(</mml:mo>
                          <mml:mi>θ</mml:mi>
                          <mml:mo stretchy="true" form="postfix">)</mml:mo>
                        </mml:mrow>
                        <mml:mo stretchy="true" form="postfix">)</mml:mo>
                      </mml:mrow>
                      <mml:mo stretchy="true" form="postfix">)</mml:mo>
                    </mml:mrow>
                    <mml:mspace width="0.167em"/>
                    <mml:mi>g</mml:mi>
                    <mml:mo stretchy="false" form="prefix">(</mml:mo>
                    <mml:mi>z</mml:mi>
                    <mml:mo stretchy="true" form="postfix">|</mml:mo>
                  </mml:mrow>
                  <mml:mi>λ</mml:mi>
                  <mml:mo stretchy="true" form="postfix">)</mml:mo>
                </mml:mrow>
                <mml:mspace width="0.167em"/>
                <mml:mo>,</mml:mo>
                <mml:mspace width="2.0em"/>
                <mml:mrow>
                  <mml:mo stretchy="true" form="prefix">|</mml:mo>
                  <mml:mi>θ</mml:mi>
                  <mml:mo stretchy="true" form="postfix">|</mml:mo>
                </mml:mrow>
                <mml:mo>&lt;</mml:mo>
                <mml:mfrac>
                  <mml:mi>π</mml:mi>
                  <mml:mn>2</mml:mn>
                </mml:mfrac>
                <mml:mspace width="0.167em"/>
                <mml:mi>.</mml:mi>
              </mml:mrow>
            </mml:math>
          </alternatives>
        </disp-formula>
      </p>
      <p>By making the transformation <inline-formula><alternatives><tex-math><![CDATA[Y=Z/\lambda]]></tex-math><mml:math xmlns:mml="http://www.w3.org/1998/Math/MathML" display="inline"><mml:mrow><mml:mi>Y</mml:mi><mml:mo>=</mml:mo><mml:mi>Z</mml:mi><mml:mi>/</mml:mi><mml:mi>λ</mml:mi></mml:mrow></mml:math></alternatives></inline-formula>
  we obtain the so-called <italic>exponential family</italic> form (see
  McCullagh and Nelder
  (<xref alt="1989" rid="ref-McCullagh_Nelder_1989" ref-type="bibr">1989</xref>))</p>
      <p>
        <styled-content id="eq-nef-ghs-dens1">
          <disp-formula>
            <alternatives>
              <tex-math><![CDATA[
  \tilde{f}_Y(y|\theta,\lambda)=\lambda\,\tilde{f}_Z(\lambda\,y|\theta,\lambda)=
  \lambda\,g(\lambda\,y|\lambda)\,
  \exp\left(\frac{\theta\,y-\psi(\theta)}{1/\lambda}\right)
   \qquad(1)]]></tex-math>
              <mml:math xmlns:mml="http://www.w3.org/1998/Math/MathML" display="block">
                <mml:mrow>
                  <mml:msub>
                    <mml:mover>
                      <mml:mi>f</mml:mi>
                      <mml:mo accent="true">̃</mml:mo>
                    </mml:mover>
                    <mml:mi>Y</mml:mi>
                  </mml:msub>
                  <mml:mrow>
                    <mml:mo stretchy="true" form="prefix">(</mml:mo>
                    <mml:mi>y</mml:mi>
                    <mml:mo stretchy="false" form="prefix">|</mml:mo>
                    <mml:mi>θ</mml:mi>
                    <mml:mo>,</mml:mo>
                    <mml:mi>λ</mml:mi>
                    <mml:mo stretchy="true" form="postfix">)</mml:mo>
                  </mml:mrow>
                  <mml:mo>=</mml:mo>
                  <mml:mi>λ</mml:mi>
                  <mml:mspace width="0.167em"/>
                  <mml:msub>
                    <mml:mover>
                      <mml:mi>f</mml:mi>
                      <mml:mo accent="true">̃</mml:mo>
                    </mml:mover>
                    <mml:mi>Z</mml:mi>
                  </mml:msub>
                  <mml:mrow>
                    <mml:mo stretchy="true" form="prefix">(</mml:mo>
                    <mml:mi>λ</mml:mi>
                    <mml:mspace width="0.167em"/>
                    <mml:mi>y</mml:mi>
                    <mml:mo stretchy="false" form="prefix">|</mml:mo>
                    <mml:mi>θ</mml:mi>
                    <mml:mo>,</mml:mo>
                    <mml:mi>λ</mml:mi>
                    <mml:mo stretchy="true" form="postfix">)</mml:mo>
                  </mml:mrow>
                  <mml:mo>=</mml:mo>
                  <mml:mi>λ</mml:mi>
                  <mml:mspace width="0.167em"/>
                  <mml:mi>g</mml:mi>
                  <mml:mrow>
                    <mml:mo stretchy="true" form="prefix">(</mml:mo>
                    <mml:mi>λ</mml:mi>
                    <mml:mspace width="0.167em"/>
                    <mml:mi>y</mml:mi>
                    <mml:mo stretchy="false" form="prefix">|</mml:mo>
                    <mml:mi>λ</mml:mi>
                    <mml:mo stretchy="true" form="postfix">)</mml:mo>
                  </mml:mrow>
                  <mml:mspace width="0.167em"/>
                  <mml:mo>exp</mml:mo>
                  <mml:mrow>
                    <mml:mo stretchy="true" form="prefix">(</mml:mo>
                    <mml:mfrac>
                      <mml:mrow>
                        <mml:mi>θ</mml:mi>
                        <mml:mspace width="0.167em"/>
                        <mml:mi>y</mml:mi>
                        <mml:mo>−</mml:mo>
                        <mml:mi>ψ</mml:mi>
                        <mml:mrow>
                          <mml:mo stretchy="true" form="prefix">(</mml:mo>
                          <mml:mi>θ</mml:mi>
                          <mml:mo stretchy="true" form="postfix">)</mml:mo>
                        </mml:mrow>
                      </mml:mrow>
                      <mml:mrow>
                        <mml:mn>1</mml:mn>
                        <mml:mi>/</mml:mi>
                        <mml:mi>λ</mml:mi>
                      </mml:mrow>
                    </mml:mfrac>
                    <mml:mo stretchy="true" form="postfix">)</mml:mo>
                  </mml:mrow>
                  <mml:mspace width="2.0em"/>
                  <mml:mrow>
                    <mml:mo stretchy="true" form="prefix">(</mml:mo>
                    <mml:mn>1</mml:mn>
                    <mml:mo stretchy="true" form="postfix">)</mml:mo>
                  </mml:mrow>
                </mml:mrow>
              </mml:math>
            </alternatives>
          </disp-formula>
        </styled-content>
      </p>
      <p>where <inline-formula><alternatives><tex-math><![CDATA[\psi(\theta)=\log(\sec(\theta))]]></tex-math><mml:math xmlns:mml="http://www.w3.org/1998/Math/MathML" display="inline"><mml:mrow><mml:mi>ψ</mml:mi><mml:mrow><mml:mo stretchy="true" form="prefix">(</mml:mo><mml:mi>θ</mml:mi><mml:mo stretchy="true" form="postfix">)</mml:mo></mml:mrow><mml:mo>=</mml:mo><mml:mo>log</mml:mo><mml:mrow><mml:mo stretchy="true" form="prefix">(</mml:mo><mml:mo>sec</mml:mo><mml:mrow><mml:mo stretchy="true" form="prefix">(</mml:mo><mml:mi>θ</mml:mi><mml:mo stretchy="true" form="postfix">)</mml:mo></mml:mrow><mml:mo stretchy="true" form="postfix">)</mml:mo></mml:mrow></mml:mrow></mml:math></alternatives></inline-formula>.
  This is a <italic>reproductive exponential dispersion model</italic>
  in the language of Jorgensen
  (<xref alt="1997" rid="ref-jorgensen_1997" ref-type="bibr">1997</xref>)
  and <inline-formula><alternatives><tex-math><![CDATA[\phi=1/\lambda]]></tex-math><mml:math xmlns:mml="http://www.w3.org/1998/Math/MathML" display="inline"><mml:mrow><mml:mi>ϕ</mml:mi><mml:mo>=</mml:mo><mml:mn>1</mml:mn><mml:mi>/</mml:mi><mml:mi>λ</mml:mi></mml:mrow></mml:math></alternatives></inline-formula>
  is the so-called dispersion parameter. Clearly, if
  <inline-formula><alternatives><tex-math><![CDATA[\lambda]]></tex-math><mml:math xmlns:mml="http://www.w3.org/1998/Math/MathML" display="inline"><mml:mi>λ</mml:mi></mml:math></alternatives></inline-formula>
  is unknown then <inline-formula><alternatives><tex-math><![CDATA[\tilde{f}_Y(y|\theta,\lambda)]]></tex-math><mml:math xmlns:mml="http://www.w3.org/1998/Math/MathML" display="inline"><mml:mrow><mml:msub><mml:mover><mml:mi>f</mml:mi><mml:mo accent="true">̃</mml:mo></mml:mover><mml:mi>Y</mml:mi></mml:msub><mml:mrow><mml:mo stretchy="true" form="prefix">(</mml:mo><mml:mi>y</mml:mi><mml:mo stretchy="false" form="prefix">|</mml:mo><mml:mi>θ</mml:mi><mml:mo>,</mml:mo><mml:mi>λ</mml:mi><mml:mo stretchy="true" form="postfix">)</mml:mo></mml:mrow></mml:mrow></mml:math></alternatives></inline-formula>
  is not a two-dimensional exponential family.</p>
      <p>We will follow Morris
  (<xref alt="1982" rid="ref-morris_1982_1" ref-type="bibr">1982</xref>)
  and call the family <inline-formula><alternatives><tex-math><![CDATA[\tilde{f}_Y(y|\theta,\lambda)]]></tex-math><mml:math xmlns:mml="http://www.w3.org/1998/Math/MathML" display="inline"><mml:mrow><mml:msub><mml:mover><mml:mi>f</mml:mi><mml:mo accent="true">̃</mml:mo></mml:mover><mml:mi>Y</mml:mi></mml:msub><mml:mrow><mml:mo stretchy="true" form="prefix">(</mml:mo><mml:mi>y</mml:mi><mml:mo stretchy="false" form="prefix">|</mml:mo><mml:mi>θ</mml:mi><mml:mo>,</mml:mo><mml:mi>λ</mml:mi><mml:mo stretchy="true" form="postfix">)</mml:mo></mml:mrow></mml:mrow></mml:math></alternatives></inline-formula>
  the NEF-GHS. The mean and variance of the NEF-GHS are given by:</p>
      <p>We can reparametrise in terms of the mean
  <inline-formula><alternatives><tex-math><![CDATA[\mu]]></tex-math><mml:math xmlns:mml="http://www.w3.org/1998/Math/MathML" display="inline"><mml:mi>μ</mml:mi></mml:math></alternatives></inline-formula>
  and the dispersion parameter <inline-formula><alternatives><tex-math><![CDATA[\phi=1/\lambda]]></tex-math><mml:math xmlns:mml="http://www.w3.org/1998/Math/MathML" display="inline"><mml:mrow><mml:mi>ϕ</mml:mi><mml:mo>=</mml:mo><mml:mn>1</mml:mn><mml:mi>/</mml:mi><mml:mi>λ</mml:mi></mml:mrow></mml:math></alternatives></inline-formula>
  as follows</p>
      <p>
        <disp-formula>
          <alternatives>
            <tex-math><![CDATA[
  f(y|\mu,\phi)=\tilde{f}(y|\arctan(\mu),1/\phi)=
  \frac{1}{\psi}\,g(y/\psi|1/\psi)\,
  \exp\left(\lambda\left[y\,\arctan(\mu)-\frac{1}{2}\log(1+\mu^2)\right]\right)
  ]]></tex-math>
            <mml:math xmlns:mml="http://www.w3.org/1998/Math/MathML" display="block">
              <mml:mrow>
                <mml:mi>f</mml:mi>
                <mml:mrow>
                  <mml:mo stretchy="true" form="prefix">(</mml:mo>
                  <mml:mi>y</mml:mi>
                  <mml:mo stretchy="false" form="prefix">|</mml:mo>
                  <mml:mi>μ</mml:mi>
                  <mml:mo>,</mml:mo>
                  <mml:mi>ϕ</mml:mi>
                  <mml:mo stretchy="true" form="postfix">)</mml:mo>
                </mml:mrow>
                <mml:mo>=</mml:mo>
                <mml:mover>
                  <mml:mi>f</mml:mi>
                  <mml:mo accent="true">̃</mml:mo>
                </mml:mover>
                <mml:mrow>
                  <mml:mo stretchy="true" form="prefix">(</mml:mo>
                  <mml:mi>y</mml:mi>
                  <mml:mo stretchy="false" form="prefix">|</mml:mo>
                  <mml:mo>arctan</mml:mo>
                  <mml:mrow>
                    <mml:mo stretchy="true" form="prefix">(</mml:mo>
                    <mml:mi>μ</mml:mi>
                    <mml:mo stretchy="true" form="postfix">)</mml:mo>
                  </mml:mrow>
                  <mml:mo>,</mml:mo>
                  <mml:mn>1</mml:mn>
                  <mml:mi>/</mml:mi>
                  <mml:mi>ϕ</mml:mi>
                  <mml:mo stretchy="true" form="postfix">)</mml:mo>
                </mml:mrow>
                <mml:mo>=</mml:mo>
                <mml:mfrac>
                  <mml:mn>1</mml:mn>
                  <mml:mi>ψ</mml:mi>
                </mml:mfrac>
                <mml:mspace width="0.167em"/>
                <mml:mi>g</mml:mi>
                <mml:mrow>
                  <mml:mo stretchy="true" form="prefix">(</mml:mo>
                  <mml:mi>y</mml:mi>
                  <mml:mi>/</mml:mi>
                  <mml:mi>ψ</mml:mi>
                  <mml:mo stretchy="false" form="prefix">|</mml:mo>
                  <mml:mn>1</mml:mn>
                  <mml:mi>/</mml:mi>
                  <mml:mi>ψ</mml:mi>
                  <mml:mo stretchy="true" form="postfix">)</mml:mo>
                </mml:mrow>
                <mml:mspace width="0.167em"/>
                <mml:mo>exp</mml:mo>
                <mml:mrow>
                  <mml:mo stretchy="true" form="prefix">(</mml:mo>
                  <mml:mi>λ</mml:mi>
                  <mml:mrow>
                    <mml:mo stretchy="true" form="prefix">[</mml:mo>
                    <mml:mi>y</mml:mi>
                    <mml:mspace width="0.167em"/>
                    <mml:mo>arctan</mml:mo>
                    <mml:mrow>
                      <mml:mo stretchy="true" form="prefix">(</mml:mo>
                      <mml:mi>μ</mml:mi>
                      <mml:mo stretchy="true" form="postfix">)</mml:mo>
                    </mml:mrow>
                    <mml:mo>−</mml:mo>
                    <mml:mfrac>
                      <mml:mn>1</mml:mn>
                      <mml:mn>2</mml:mn>
                    </mml:mfrac>
                    <mml:mo>log</mml:mo>
                    <mml:mrow>
                      <mml:mo stretchy="true" form="prefix">(</mml:mo>
                      <mml:mn>1</mml:mn>
                      <mml:mo>+</mml:mo>
                      <mml:msup>
                        <mml:mi>μ</mml:mi>
                        <mml:mn>2</mml:mn>
                      </mml:msup>
                      <mml:mo stretchy="true" form="postfix">)</mml:mo>
                    </mml:mrow>
                    <mml:mo stretchy="true" form="postfix">]</mml:mo>
                  </mml:mrow>
                  <mml:mo stretchy="true" form="postfix">)</mml:mo>
                </mml:mrow>
              </mml:mrow>
            </mml:math>
          </alternatives>
        </disp-formula>
      </p>
      <p>Form the above we obtain that <inline-formula><alternatives><tex-math><![CDATA[g(\mu)=\arctan(\mu)]]></tex-math><mml:math xmlns:mml="http://www.w3.org/1998/Math/MathML" display="inline"><mml:mrow><mml:mi>g</mml:mi><mml:mrow><mml:mo stretchy="true" form="prefix">(</mml:mo><mml:mi>μ</mml:mi><mml:mo stretchy="true" form="postfix">)</mml:mo></mml:mrow><mml:mo>=</mml:mo><mml:mo>arctan</mml:mo><mml:mrow><mml:mo stretchy="true" form="prefix">(</mml:mo><mml:mi>μ</mml:mi><mml:mo stretchy="true" form="postfix">)</mml:mo></mml:mrow></mml:mrow></mml:math></alternatives></inline-formula>
  is the corresponding canonical link of the family.</p>
      <code language="r script">   my_family &lt;- list(
       family   = "my_family",
       link     = "arctan",  
       linkfun  = function(mu)atan(mu), # canonical link function
       linkinv  = function(eta)tan(eta), # inverse link function
       variance = function(mu) 1+mu^2,
       mu.eta   = function(eta) sec(eta)^2, # Derivative of mean wrt eta
       dev.resids = function(y, mu,wt){2*wt*y(atan(y)-atan(mu))+log((1+mu^2)/(1+y^2))}, # Deviance residuals
       aic = function(y, mu, weights, data) 1, # AIC
       validmu = function(mu) is.finite(mu) , # Valid mu
       valideta = function(eta) abs(eta)&lt;pi/2
   )
   class(my_family) &lt;- "family"</code>
      <preformat>List of 12
 $ family    : chr "nef ghs"
 $ link      : chr "arctan"
 $ linkfun   :function (mu)  
 $ linkinv   :function (eta)  
 $ variance  :function (mu)  
 $ dev.resids:function (y, mu, wt)  
 $ aic       :function (y, mu, weights, data)  
 $ mu.eta    :function (eta)  
 $ initialize:  expression({  n &lt;- rep.int(1, nobs)  if (is.null(etastart) &amp;&amp; is.null(start) &amp;&amp; is.null(mustart) &amp;&amp; ((family$link| __truncated__
 $ validmu   :function (mu)  
 $ valideta  :function (eta)  
 $ dispersion: num 1
 - attr(*, "class")= chr "family"</preformat>
      <preformat>            Estimate Std. Error  t value     Pr(&gt;|t|)
(Intercept) 4.075987  0.1017522 40.05796 6.499994e-97
x           1.996470  0.1438994 13.87407 5.069413e-31</preformat>
    </sec>
    <sec id="parameter-interpretation">
      <title>Parameter interpretation</title>
      <p>all in MOrris the mean measures symmetry with limits
  <inline-formula><alternatives><tex-math><![CDATA[\mu=0]]></tex-math><mml:math xmlns:mml="http://www.w3.org/1998/Math/MathML" display="inline"><mml:mrow><mml:mi>μ</mml:mi><mml:mo>=</mml:mo><mml:mn>0</mml:mn></mml:mrow></mml:math></alternatives></inline-formula>
  is symmetric and <inline-formula><alternatives><tex-math><![CDATA[|\mu|\to \infty]]></tex-math><mml:math xmlns:mml="http://www.w3.org/1998/Math/MathML" display="inline"><mml:mrow><mml:mrow><mml:mo stretchy="true" form="prefix">|</mml:mo><mml:mi>μ</mml:mi><mml:mo stretchy="true" form="postfix">|</mml:mo></mml:mrow><mml:mo>→</mml:mo><mml:mi>∞</mml:mi></mml:mrow></mml:math></alternatives></inline-formula>
  is a gamma, see also page 103 of Jorgensen</p>
      <p><inline-formula><alternatives><tex-math><![CDATA[\lambda \to \infty]]></tex-math><mml:math xmlns:mml="http://www.w3.org/1998/Math/MathML" display="inline"><mml:mrow><mml:mi>λ</mml:mi><mml:mo>→</mml:mo><mml:mi>∞</mml:mi></mml:mrow></mml:math></alternatives></inline-formula>
  also converges to normal</p>
      <p>when <inline-formula><alternatives><tex-math><![CDATA[\mu=0]]></tex-math><mml:math xmlns:mml="http://www.w3.org/1998/Math/MathML" display="inline"><mml:mrow><mml:mi>μ</mml:mi><mml:mo>=</mml:mo><mml:mn>0</mml:mn></mml:mrow></mml:math></alternatives></inline-formula>
  the distribution is symmeytric and tails are exponential</p>
      <p>for postive <inline-formula><alternatives><tex-math><![CDATA[\theta]]></tex-math><mml:math xmlns:mml="http://www.w3.org/1998/Math/MathML" display="inline"><mml:mi>θ</mml:mi></mml:math></alternatives></inline-formula>
  the riight tail is the same as an specific gamma (Morris end of
  section 5)</p>
    </sec>
    <sec id="likelihood-inference">
      <title>likelihood inference</title>
      <p>
        <disp-formula>
          <alternatives>
            <tex-math><![CDATA[
  \ell(\beta,\phi)
  ]]></tex-math>
            <mml:math xmlns:mml="http://www.w3.org/1998/Math/MathML" display="block">
              <mml:mrow>
                <mml:mo>ℓ</mml:mo>
                <mml:mrow>
                  <mml:mo stretchy="true" form="prefix">(</mml:mo>
                  <mml:mi>β</mml:mi>
                  <mml:mo>,</mml:mo>
                  <mml:mi>ϕ</mml:mi>
                  <mml:mo stretchy="true" form="postfix">)</mml:mo>
                </mml:mrow>
              </mml:mrow>
            </mml:math>
          </alternatives>
        </disp-formula>
      </p>
    </sec>
  </body>
  <back>
    <ref-list>
      <title/>
      <ref id="ref-Harkness_GHS">
        <element-citation publication-type="article-journal">
          <person-group person-group-type="author">
            <name>
              <surname>Harkness</surname>
              <given-names>W. L.</given-names>
            </name>
            <name>
              <surname>Harkness</surname>
              <given-names>M. L.</given-names>
            </name>
          </person-group>
          <article-title>Generalized hyperbolic secant distributions</article-title>
          <source>Journal of the American Statistical Association</source>
          <publisher-name>[American Statistical Association, Taylor &amp; Francis, Ltd.]</publisher-name>
          <year iso-8601-date="1968">1968</year>
          <date-in-citation content-type="access-date">
            <year iso-8601-date="2025-05-05">2025</year>
            <month>05</month>
            <day>05</day>
          </date-in-citation>
          <volume>63</volume>
          <issue>321</issue>
          <issn>01621459, 1537274X</issn>
          <uri>http://www.jstor.org/stable/2283852</uri>
          <fpage>329</fpage>
          <lpage>337</lpage>
        </element-citation>
      </ref>
      <ref id="ref-abramowitz_stegun">
        <element-citation publication-type="book">
          <person-group person-group-type="author">
            <name>
              <surname>Abramowitz</surname>
              <given-names>Milton</given-names>
            </name>
            <name>
              <surname>Stegun</surname>
              <given-names>Irene A.</given-names>
            </name>
          </person-group>
          <source>Handbook of mathematical functions with formulas, graphs, and mathematical tables</source>
          <publisher-name>Dover</publisher-name>
          <publisher-loc>New York City</publisher-loc>
          <year iso-8601-date="1964">1964</year>
          <edition>ninth Dover printing, tenth GPO printing</edition>
        </element-citation>
      </ref>
      <ref id="ref-McCullagh_Nelder_1989">
        <element-citation publication-type="book">
          <person-group person-group-type="author">
            <name>
              <surname>McCullagh</surname>
              <given-names>P.</given-names>
            </name>
            <name>
              <surname>Nelder</surname>
              <given-names>J. A.</given-names>
            </name>
          </person-group>
          <source>Generalized linear models</source>
          <publisher-name>Chapman &amp; Hall / CRC</publisher-name>
          <publisher-loc>London</publisher-loc>
          <year iso-8601-date="1989">1989</year>
        </element-citation>
      </ref>
      <ref id="ref-jorgensen_1997">
        <element-citation publication-type="book">
          <person-group person-group-type="author">
            <name>
              <surname>Jorgensen</surname>
              <given-names>B.</given-names>
            </name>
          </person-group>
          <source>The theory of dispersion models</source>
          <publisher-name>Taylor &amp; Francis</publisher-name>
          <year iso-8601-date="1997">1997</year>
          <isbn>9780412997112</isbn>
          <uri>https://books.google.co.uk/books?id=0gO7bgs_eSYC</uri>
        </element-citation>
      </ref>
      <ref id="ref-morris_1982_1">
        <element-citation publication-type="article-journal">
          <person-group person-group-type="author">
            <name>
              <surname>Morris</surname>
              <given-names>Carl N.</given-names>
            </name>
          </person-group>
          <article-title>Natural Exponential Families with Quadratic Variance Functions</article-title>
          <source>The Annals of Statistics</source>
          <publisher-name>Institute of Mathematical Statistics</publisher-name>
          <year iso-8601-date="1982">1982</year>
          <volume>10</volume>
          <issue>1</issue>
          <uri>https://doi.org/10.1214/aos/1176345690</uri>
          <pub-id pub-id-type="doi">10.1214/aos/1176345690</pub-id>
          <fpage>65 </fpage>
          <lpage> 80</lpage>
        </element-citation>
      </ref>
      <ref id="ref-gsl_package">
        <element-citation publication-type="article-journal">
          <person-group person-group-type="author">
            <name>
              <surname>Hankin</surname>
              <given-names>Robin K. S.</given-names>
            </name>
          </person-group>
          <article-title>Special functions in r: Introducing the gsl package</article-title>
          <source>R News</source>
          <year iso-8601-date="2006">2006</year>
          <volume>6</volume>
        </element-citation>
      </ref>
    </ref-list>
  </back>
  <sub-article article-type="notebook" id="nb-3-nb-article">
    <front-stub>
      <title-group>
        <article-title>On the natural exponential family generated by the
generalised hyperbolic secant distribution</article-title>
      </title-group>
      <contrib-group>
        <contrib contrib-type="author" corresp="yes">
          <name>
            <surname>AI</surname>
            <given-names>Karim</given-names>
          </name>
          <string-name>Karim AI</string-name>
          <role vocab="https://credit.niso.org" vocab-term="writing – original draft" vocab-term-identifier="https://credit.niso.org/contributor-roles/writing-original-draft/">writing</role>
          <xref ref-type="aff" rid="aff-1-nb-article">a</xref>
          <xref ref-type="corresp" rid="cor-1-nb-article">*</xref>
        </contrib>
      </contrib-group>
      <aff id="aff-1-nb-article">
        <institution-wrap>
          <institution>University of Bath</institution>
        </institution-wrap>
      </aff>
      <author-notes>
        <corresp id="cor-1-nb-article"/>
      </author-notes>
    </front-stub>
    <body>
      <sec id="intro-nb-article">
        <title>Intro</title>
        <p>This vignette serves two purposes</p>
        <list list-type="bullet">
          <list-item>
            <p>Introduced the missing GLM distribution</p>
          </list-item>
          <list-item>
            <p>review of GLMs and extensions in <monospace>R</monospace></p>
          </list-item>
        </list>
      </sec>
      <sec id="preliminaries-nb-article">
        <title>Preliminaries</title>
        <p>A continuous real random variable <inline-formula><alternatives><tex-math><![CDATA[Z]]></tex-math><mml:math xmlns:mml="http://www.w3.org/1998/Math/MathML" display="inline"><mml:mi>Z</mml:mi></mml:math></alternatives></inline-formula>
  is said to follow a <italic>generalised hyperbolic secant
  distribution</italic> (GHS)
  (<xref alt="Harkness and Harkness 1968" rid="ref-Harkness_GHS-nb-article" ref-type="bibr">Harkness
  and Harkness 1968</xref>) with parameter
  <inline-formula><alternatives><tex-math><![CDATA[\lambda>0]]></tex-math><mml:math xmlns:mml="http://www.w3.org/1998/Math/MathML" display="inline"><mml:mrow><mml:mi>λ</mml:mi><mml:mo>&gt;</mml:mo><mml:mn>0</mml:mn></mml:mrow></mml:math></alternatives></inline-formula>
  if the corresponding probability density function can be written
  as:</p>
        <p>
          <disp-formula>
            <alternatives>
              <tex-math><![CDATA[
  g(z|\lambda)
  =
  \frac{2^{\lambda-2}\,\Gamma\left(\frac{\lambda}{2}+i\frac{z}{2}\right)\Gamma\left(\frac{\lambda}{2}-i\frac{z}{2}\right)}{\pi\,\Gamma(\lambda)}\,,\quad z \in {\mathcal R}\,,
  ]]></tex-math>
              <mml:math xmlns:mml="http://www.w3.org/1998/Math/MathML" display="block">
                <mml:mrow>
                  <mml:mi>g</mml:mi>
                  <mml:mrow>
                    <mml:mo stretchy="true" form="prefix">(</mml:mo>
                    <mml:mi>z</mml:mi>
                    <mml:mo stretchy="false" form="prefix">|</mml:mo>
                    <mml:mi>λ</mml:mi>
                    <mml:mo stretchy="true" form="postfix">)</mml:mo>
                  </mml:mrow>
                  <mml:mo>=</mml:mo>
                  <mml:mfrac>
                    <mml:mrow>
                      <mml:msup>
                        <mml:mn>2</mml:mn>
                        <mml:mrow>
                          <mml:mi>λ</mml:mi>
                          <mml:mo>−</mml:mo>
                          <mml:mn>2</mml:mn>
                        </mml:mrow>
                      </mml:msup>
                      <mml:mspace width="0.167em"/>
                      <mml:mi>Γ</mml:mi>
                      <mml:mrow>
                        <mml:mo stretchy="true" form="prefix">(</mml:mo>
                        <mml:mfrac>
                          <mml:mi>λ</mml:mi>
                          <mml:mn>2</mml:mn>
                        </mml:mfrac>
                        <mml:mo>+</mml:mo>
                        <mml:mi>i</mml:mi>
                        <mml:mfrac>
                          <mml:mi>z</mml:mi>
                          <mml:mn>2</mml:mn>
                        </mml:mfrac>
                        <mml:mo stretchy="true" form="postfix">)</mml:mo>
                      </mml:mrow>
                      <mml:mi>Γ</mml:mi>
                      <mml:mrow>
                        <mml:mo stretchy="true" form="prefix">(</mml:mo>
                        <mml:mfrac>
                          <mml:mi>λ</mml:mi>
                          <mml:mn>2</mml:mn>
                        </mml:mfrac>
                        <mml:mo>−</mml:mo>
                        <mml:mi>i</mml:mi>
                        <mml:mfrac>
                          <mml:mi>z</mml:mi>
                          <mml:mn>2</mml:mn>
                        </mml:mfrac>
                        <mml:mo stretchy="true" form="postfix">)</mml:mo>
                      </mml:mrow>
                    </mml:mrow>
                    <mml:mrow>
                      <mml:mi>π</mml:mi>
                      <mml:mspace width="0.167em"/>
                      <mml:mi>Γ</mml:mi>
                      <mml:mrow>
                        <mml:mo stretchy="true" form="prefix">(</mml:mo>
                        <mml:mi>λ</mml:mi>
                        <mml:mo stretchy="true" form="postfix">)</mml:mo>
                      </mml:mrow>
                    </mml:mrow>
                  </mml:mfrac>
                  <mml:mspace width="0.167em"/>
                  <mml:mo>,</mml:mo>
                  <mml:mspace width="1.0em"/>
                  <mml:mi>z</mml:mi>
                  <mml:mo>∈</mml:mo>
                  <mml:mi>ℛ</mml:mi>
                  <mml:mspace width="0.167em"/>
                  <mml:mo>,</mml:mo>
                </mml:mrow>
              </mml:math>
            </alternatives>
          </disp-formula>
        </p>
        <p>where <inline-formula><alternatives><tex-math><![CDATA[\Gamma(w)]]></tex-math><mml:math xmlns:mml="http://www.w3.org/1998/Math/MathML" display="inline"><mml:mrow><mml:mi>Γ</mml:mi><mml:mrow><mml:mo stretchy="true" form="prefix">(</mml:mo><mml:mi>w</mml:mi><mml:mo stretchy="true" form="postfix">)</mml:mo></mml:mrow></mml:mrow></mml:math></alternatives></inline-formula>
  is the
  <ext-link ext-link-type="uri" xlink:href="https://en.wikipedia.org/wiki/Gamma_function">Gamma
  function</ext-link> in the complex plane, that is</p>
        <p>
          <disp-formula>
            <alternatives>
              <tex-math><![CDATA[
  \Gamma(w)=\int_{0}^\infty t^{w-1}\exp(-t)dt\,,\qquad Re(w)>0\,.
  ]]></tex-math>
              <mml:math xmlns:mml="http://www.w3.org/1998/Math/MathML" display="block">
                <mml:mrow>
                  <mml:mi>Γ</mml:mi>
                  <mml:mrow>
                    <mml:mo stretchy="true" form="prefix">(</mml:mo>
                    <mml:mi>w</mml:mi>
                    <mml:mo stretchy="true" form="postfix">)</mml:mo>
                  </mml:mrow>
                  <mml:mo>=</mml:mo>
                  <mml:msubsup>
                    <mml:mo>∫</mml:mo>
                    <mml:mn>0</mml:mn>
                    <mml:mi>∞</mml:mi>
                  </mml:msubsup>
                  <mml:msup>
                    <mml:mi>t</mml:mi>
                    <mml:mrow>
                      <mml:mi>w</mml:mi>
                      <mml:mo>−</mml:mo>
                      <mml:mn>1</mml:mn>
                    </mml:mrow>
                  </mml:msup>
                  <mml:mo>exp</mml:mo>
                  <mml:mrow>
                    <mml:mo stretchy="true" form="prefix">(</mml:mo>
                    <mml:mi>−</mml:mi>
                    <mml:mi>t</mml:mi>
                    <mml:mo stretchy="true" form="postfix">)</mml:mo>
                  </mml:mrow>
                  <mml:mi>d</mml:mi>
                  <mml:mi>t</mml:mi>
                  <mml:mspace width="0.167em"/>
                  <mml:mo>,</mml:mo>
                  <mml:mspace width="2.0em"/>
                  <mml:mi>R</mml:mi>
                  <mml:mi>e</mml:mi>
                  <mml:mrow>
                    <mml:mo stretchy="true" form="prefix">(</mml:mo>
                    <mml:mi>w</mml:mi>
                    <mml:mo stretchy="true" form="postfix">)</mml:mo>
                  </mml:mrow>
                  <mml:mo>&gt;</mml:mo>
                  <mml:mn>0</mml:mn>
                  <mml:mspace width="0.167em"/>
                  <mml:mi>.</mml:mi>
                </mml:mrow>
              </mml:math>
            </alternatives>
          </disp-formula>
        </p>
        <p>The name of the distribution comes from the case
  <inline-formula><alternatives><tex-math><![CDATA[\lambda=1]]></tex-math><mml:math xmlns:mml="http://www.w3.org/1998/Math/MathML" display="inline"><mml:mrow><mml:mi>λ</mml:mi><mml:mo>=</mml:mo><mml:mn>1</mml:mn></mml:mrow></mml:math></alternatives></inline-formula>,
  e.g.</p>
        <p>
          <disp-formula>
            <alternatives>
              <tex-math><![CDATA[
  g(z|1)
  =
  \frac{\Gamma\left(\frac{1}{2}+i\frac{z}{2}\right)\Gamma\left(\frac{1}{2}-i\frac{z}{2}\right)}{2\pi\Gamma(1)}
  =\frac{\pi}{2\pi\,\cosh(\pi\,z/2)}=\frac{1}{2}\textrm{sech}\left(\frac{\pi\,z}{2}\right)
  ]]></tex-math>
              <mml:math xmlns:mml="http://www.w3.org/1998/Math/MathML" display="block">
                <mml:mrow>
                  <mml:mi>g</mml:mi>
                  <mml:mrow>
                    <mml:mo stretchy="true" form="prefix">(</mml:mo>
                    <mml:mi>z</mml:mi>
                    <mml:mo stretchy="false" form="prefix">|</mml:mo>
                    <mml:mn>1</mml:mn>
                    <mml:mo stretchy="true" form="postfix">)</mml:mo>
                  </mml:mrow>
                  <mml:mo>=</mml:mo>
                  <mml:mfrac>
                    <mml:mrow>
                      <mml:mi>Γ</mml:mi>
                      <mml:mrow>
                        <mml:mo stretchy="true" form="prefix">(</mml:mo>
                        <mml:mfrac>
                          <mml:mn>1</mml:mn>
                          <mml:mn>2</mml:mn>
                        </mml:mfrac>
                        <mml:mo>+</mml:mo>
                        <mml:mi>i</mml:mi>
                        <mml:mfrac>
                          <mml:mi>z</mml:mi>
                          <mml:mn>2</mml:mn>
                        </mml:mfrac>
                        <mml:mo stretchy="true" form="postfix">)</mml:mo>
                      </mml:mrow>
                      <mml:mi>Γ</mml:mi>
                      <mml:mrow>
                        <mml:mo stretchy="true" form="prefix">(</mml:mo>
                        <mml:mfrac>
                          <mml:mn>1</mml:mn>
                          <mml:mn>2</mml:mn>
                        </mml:mfrac>
                        <mml:mo>−</mml:mo>
                        <mml:mi>i</mml:mi>
                        <mml:mfrac>
                          <mml:mi>z</mml:mi>
                          <mml:mn>2</mml:mn>
                        </mml:mfrac>
                        <mml:mo stretchy="true" form="postfix">)</mml:mo>
                      </mml:mrow>
                    </mml:mrow>
                    <mml:mrow>
                      <mml:mn>2</mml:mn>
                      <mml:mi>π</mml:mi>
                      <mml:mi>Γ</mml:mi>
                      <mml:mrow>
                        <mml:mo stretchy="true" form="prefix">(</mml:mo>
                        <mml:mn>1</mml:mn>
                        <mml:mo stretchy="true" form="postfix">)</mml:mo>
                      </mml:mrow>
                    </mml:mrow>
                  </mml:mfrac>
                  <mml:mo>=</mml:mo>
                  <mml:mfrac>
                    <mml:mi>π</mml:mi>
                    <mml:mrow>
                      <mml:mn>2</mml:mn>
                      <mml:mi>π</mml:mi>
                      <mml:mspace width="0.167em"/>
                      <mml:mo>cosh</mml:mo>
                      <mml:mrow>
                        <mml:mo stretchy="true" form="prefix">(</mml:mo>
                        <mml:mi>π</mml:mi>
                        <mml:mspace width="0.167em"/>
                        <mml:mi>z</mml:mi>
                        <mml:mi>/</mml:mi>
                        <mml:mn>2</mml:mn>
                        <mml:mo stretchy="true" form="postfix">)</mml:mo>
                      </mml:mrow>
                    </mml:mrow>
                  </mml:mfrac>
                  <mml:mo>=</mml:mo>
                  <mml:mfrac>
                    <mml:mn>1</mml:mn>
                    <mml:mn>2</mml:mn>
                  </mml:mfrac>
                  <mml:mtext mathvariant="normal">sech</mml:mtext>
                  <mml:mrow>
                    <mml:mo stretchy="true" form="prefix">(</mml:mo>
                    <mml:mfrac>
                      <mml:mrow>
                        <mml:mi>π</mml:mi>
                        <mml:mspace width="0.167em"/>
                        <mml:mi>z</mml:mi>
                      </mml:mrow>
                      <mml:mn>2</mml:mn>
                    </mml:mfrac>
                    <mml:mo stretchy="true" form="postfix">)</mml:mo>
                  </mml:mrow>
                </mml:mrow>
              </mml:math>
            </alternatives>
          </disp-formula>
        </p>
        <p>which can be obtained by using identity 6.1.30 in Abramowitz and
  Stegun
  (<xref alt="1964" rid="ref-abramowitz_stegun-nb-article" ref-type="bibr">1964</xref>).</p>
        <p>Using the properties of the complex Gamma function (Section 6.1 in
  Abramowitz and Stegun
  (<xref alt="1964" rid="ref-abramowitz_stegun-nb-article" ref-type="bibr">1964</xref>))
  we can write the log densities as follows:</p>
        <p><disp-formula><alternatives><tex-math><![CDATA[
  \log g(z|\lambda)
  =
  (\lambda-2)\log(2)-\log(\pi)-\log \Gamma(\lambda)+
  2\,Re\left(\log \Gamma\left(\frac{\lambda}{2}+i\frac{z}{2}\right)\right)
  ]]></tex-math><mml:math xmlns:mml="http://www.w3.org/1998/Math/MathML" display="block"><mml:mrow><mml:mo>log</mml:mo><mml:mi>g</mml:mi><mml:mrow><mml:mo stretchy="true" form="prefix">(</mml:mo><mml:mi>z</mml:mi><mml:mo stretchy="false" form="prefix">|</mml:mo><mml:mi>λ</mml:mi><mml:mo stretchy="true" form="postfix">)</mml:mo></mml:mrow><mml:mo>=</mml:mo><mml:mrow><mml:mo stretchy="true" form="prefix">(</mml:mo><mml:mi>λ</mml:mi><mml:mo>−</mml:mo><mml:mn>2</mml:mn><mml:mo stretchy="true" form="postfix">)</mml:mo></mml:mrow><mml:mo>log</mml:mo><mml:mrow><mml:mo stretchy="true" form="prefix">(</mml:mo><mml:mn>2</mml:mn><mml:mo stretchy="true" form="postfix">)</mml:mo></mml:mrow><mml:mo>−</mml:mo><mml:mo>log</mml:mo><mml:mrow><mml:mo stretchy="true" form="prefix">(</mml:mo><mml:mi>π</mml:mi><mml:mo stretchy="true" form="postfix">)</mml:mo></mml:mrow><mml:mo>−</mml:mo><mml:mo>log</mml:mo><mml:mi>Γ</mml:mi><mml:mrow><mml:mo stretchy="true" form="prefix">(</mml:mo><mml:mi>λ</mml:mi><mml:mo stretchy="true" form="postfix">)</mml:mo></mml:mrow><mml:mo>+</mml:mo><mml:mn>2</mml:mn><mml:mspace width="0.167em"/><mml:mi>R</mml:mi><mml:mi>e</mml:mi><mml:mrow><mml:mo stretchy="true" form="prefix">(</mml:mo><mml:mo>log</mml:mo><mml:mi>Γ</mml:mi><mml:mrow><mml:mo stretchy="true" form="prefix">(</mml:mo><mml:mfrac><mml:mi>λ</mml:mi><mml:mn>2</mml:mn></mml:mfrac><mml:mo>+</mml:mo><mml:mi>i</mml:mi><mml:mfrac><mml:mi>z</mml:mi><mml:mn>2</mml:mn></mml:mfrac><mml:mo stretchy="true" form="postfix">)</mml:mo></mml:mrow><mml:mo stretchy="true" form="postfix">)</mml:mo></mml:mrow></mml:mrow></mml:math></alternatives></disp-formula>
  To compute <inline-formula><alternatives><tex-math><![CDATA[g(z|\lambda)]]></tex-math><mml:math xmlns:mml="http://www.w3.org/1998/Math/MathML" display="inline"><mml:mrow><mml:mi>g</mml:mi><mml:mrow><mml:mo stretchy="true" form="prefix">(</mml:mo><mml:mi>z</mml:mi><mml:mo stretchy="false" form="prefix">|</mml:mo><mml:mi>λ</mml:mi><mml:mo stretchy="true" form="postfix">)</mml:mo></mml:mrow></mml:mrow></mml:math></alternatives></inline-formula>
  we only need a function to evaluate the log of the Gamma function in
  the complex plane and here we use the <monospace>gls</monospace>
  package (Hankin
  (<xref alt="2006" rid="ref-gsl_package-nb-article" ref-type="bibr">2006</xref>))
  to do so.</p>
        <sec specific-use="notebook-content">
          <code language="r script">library(gsl)
dghs  &lt;- function(z,lambda,log=F){
  logf  &lt;- (lambda-2)*log(2) - log(pi) - 
    lgamma(lambda) + 2*Re(lngamma_complex((lambda+z*1i)/2))
  if (log){
    res &lt;- logf
  }else{
    res &lt;- exp(logf) 
  }
  res
}</code>
        </sec>
        <sec id="cell-fig-dens-ghs-nb-article" specific-use="notebook-content">
          <code language="r script">N_grid &lt;- 1000
z_grid &lt;- seq(-5,5,length=N_grid)
f1 &lt;- dghs(z_grid,lambda=1,log=F)
f2 &lt;- dghs(z_grid,lambda=2,log=F)
f4 &lt;- dghs(z_grid,lambda=4,log=F)
f8 &lt;- dghs(z_grid,lambda=8,log=F)
plot(z_grid,f1,type="l",
     xlab="z", 
     ylab="density")
lines(z_grid,f2,lty=2)
lines(z_grid,f4,lty=3)
lines(z_grid,f8,lty=4)
abline(v=0,col="grey",lwd=0.5)
legend("topright",lty=c(1,2,3,4),legend=c(expression(lambda == 1),
                                          expression(lambda == 2),
                                          expression(lambda == 4),
                                          expression(lambda == 8)))</code>
          <fig id="fig-dens-ghs-nb-article">
            <caption>
              <p>Figure 1: Generalised hyperbolic secant
    densities</p>
            </caption>
            <graphic mimetype="image" mime-subtype="png" xlink:href="index_files/figure-jats/fig-dens-ghs-1.png"/>
          </fig>
        </sec>
        <p>The densities <inline-formula><alternatives><tex-math><![CDATA[g(z|\lambda)]]></tex-math><mml:math xmlns:mml="http://www.w3.org/1998/Math/MathML" display="inline"><mml:mrow><mml:mi>g</mml:mi><mml:mrow><mml:mo stretchy="true" form="prefix">(</mml:mo><mml:mi>z</mml:mi><mml:mo stretchy="false" form="prefix">|</mml:mo><mml:mi>λ</mml:mi><mml:mo stretchy="true" form="postfix">)</mml:mo></mml:mrow></mml:mrow></mml:math></alternatives></inline-formula>
  are symmetric about zero (see
  <xref alt="Figure 1" rid="fig-dens-ghs-nb-article">Figure 1</xref>) with
  exponentially decaying tails.</p>
        <p>The moment generating function of the GHS distribution is well
  defined and is given by:</p>
        <p>The above implies the GHS distribution is infinitely divisible so
  that the probability distribution of independent sums of GHS
  distributions is also a GHS distribution. Then any GHS distribution
  with integer <inline-formula><alternatives><tex-math><![CDATA[\lambda]]></tex-math><mml:math xmlns:mml="http://www.w3.org/1998/Math/MathML" display="inline"><mml:mi>λ</mml:mi></mml:math></alternatives></inline-formula>
  can be reproduced by convolutions of the basic density with
  <inline-formula><alternatives><tex-math><![CDATA[\lambda=1]]></tex-math><mml:math xmlns:mml="http://www.w3.org/1998/Math/MathML" display="inline"><mml:mrow><mml:mi>λ</mml:mi><mml:mo>=</mml:mo><mml:mn>1</mml:mn></mml:mrow></mml:math></alternatives></inline-formula>.</p>
        <p>The distribution has zero mean and the parameter
  <inline-formula><alternatives><tex-math><![CDATA[\lambda]]></tex-math><mml:math xmlns:mml="http://www.w3.org/1998/Math/MathML" display="inline"><mml:mi>λ</mml:mi></mml:math></alternatives></inline-formula>
  that equals the variance.</p>
        <p>In this way, the <italic>standard</italic> distribution is
  <inline-formula><alternatives><tex-math><![CDATA[g(z|1)]]></tex-math><mml:math xmlns:mml="http://www.w3.org/1998/Math/MathML" display="inline"><mml:mrow><mml:mi>g</mml:mi><mml:mrow><mml:mo stretchy="true" form="prefix">(</mml:mo><mml:mi>z</mml:mi><mml:mo stretchy="false" form="prefix">|</mml:mo><mml:mn>1</mml:mn><mml:mo stretchy="true" form="postfix">)</mml:mo></mml:mrow></mml:mrow></mml:math></alternatives></inline-formula>.
  The natural exponential family (NEF) generated by the GHS distribution
  has therefore densities of the form:</p>
        <p>
          <disp-formula>
            <alternatives>
              <tex-math><![CDATA[
  \tilde{f}_Z(z|\theta,\lambda)=\exp(\theta\,z-\lambda\log(\sec(\theta)))\,g(z|\lambda)
  \,,\qquad |\theta|<\frac{\pi}{2}\,.
  ]]></tex-math>
              <mml:math xmlns:mml="http://www.w3.org/1998/Math/MathML" display="block">
                <mml:mrow>
                  <mml:msub>
                    <mml:mover>
                      <mml:mi>f</mml:mi>
                      <mml:mo accent="true">̃</mml:mo>
                    </mml:mover>
                    <mml:mi>Z</mml:mi>
                  </mml:msub>
                  <mml:mrow>
                    <mml:mo stretchy="true" form="prefix">(</mml:mo>
                    <mml:mi>z</mml:mi>
                    <mml:mrow>
                      <mml:mo stretchy="true" form="prefix">|</mml:mo>
                      <mml:mi>θ</mml:mi>
                      <mml:mo>,</mml:mo>
                      <mml:mi>λ</mml:mi>
                      <mml:mo stretchy="false" form="postfix">)</mml:mo>
                      <mml:mo>=</mml:mo>
                      <mml:mo>exp</mml:mo>
                      <mml:mrow>
                        <mml:mo stretchy="true" form="prefix">(</mml:mo>
                        <mml:mi>θ</mml:mi>
                        <mml:mspace width="0.167em"/>
                        <mml:mi>z</mml:mi>
                        <mml:mo>−</mml:mo>
                        <mml:mi>λ</mml:mi>
                        <mml:mo>log</mml:mo>
                        <mml:mrow>
                          <mml:mo stretchy="true" form="prefix">(</mml:mo>
                          <mml:mo>sec</mml:mo>
                          <mml:mrow>
                            <mml:mo stretchy="true" form="prefix">(</mml:mo>
                            <mml:mi>θ</mml:mi>
                            <mml:mo stretchy="true" form="postfix">)</mml:mo>
                          </mml:mrow>
                          <mml:mo stretchy="true" form="postfix">)</mml:mo>
                        </mml:mrow>
                        <mml:mo stretchy="true" form="postfix">)</mml:mo>
                      </mml:mrow>
                      <mml:mspace width="0.167em"/>
                      <mml:mi>g</mml:mi>
                      <mml:mo stretchy="false" form="prefix">(</mml:mo>
                      <mml:mi>z</mml:mi>
                      <mml:mo stretchy="true" form="postfix">|</mml:mo>
                    </mml:mrow>
                    <mml:mi>λ</mml:mi>
                    <mml:mo stretchy="true" form="postfix">)</mml:mo>
                  </mml:mrow>
                  <mml:mspace width="0.167em"/>
                  <mml:mo>,</mml:mo>
                  <mml:mspace width="2.0em"/>
                  <mml:mrow>
                    <mml:mo stretchy="true" form="prefix">|</mml:mo>
                    <mml:mi>θ</mml:mi>
                    <mml:mo stretchy="true" form="postfix">|</mml:mo>
                  </mml:mrow>
                  <mml:mo>&lt;</mml:mo>
                  <mml:mfrac>
                    <mml:mi>π</mml:mi>
                    <mml:mn>2</mml:mn>
                  </mml:mfrac>
                  <mml:mspace width="0.167em"/>
                  <mml:mi>.</mml:mi>
                </mml:mrow>
              </mml:math>
            </alternatives>
          </disp-formula>
        </p>
        <p>By making the transformation <inline-formula><alternatives><tex-math><![CDATA[Y=Z/\lambda]]></tex-math><mml:math xmlns:mml="http://www.w3.org/1998/Math/MathML" display="inline"><mml:mrow><mml:mi>Y</mml:mi><mml:mo>=</mml:mo><mml:mi>Z</mml:mi><mml:mi>/</mml:mi><mml:mi>λ</mml:mi></mml:mrow></mml:math></alternatives></inline-formula>
  we obtain the so-called <italic>exponential family</italic> form (see
  McCullagh and Nelder
  (<xref alt="1989" rid="ref-McCullagh_Nelder_1989-nb-article" ref-type="bibr">1989</xref>))</p>
        <p>
          <styled-content id="eq-nef-ghs-dens1-nb-article">
            <disp-formula>
              <alternatives>
                <tex-math><![CDATA[
  \tilde{f}_Y(y|\theta,\lambda)=\lambda\,\tilde{f}_Z(\lambda\,y|\theta,\lambda)=
  \lambda\,g(\lambda\,y|\lambda)\,
  \exp\left(\frac{\theta\,y-\psi(\theta)}{1/\lambda}\right)
   \qquad(1)]]></tex-math>
                <mml:math xmlns:mml="http://www.w3.org/1998/Math/MathML" display="block">
                  <mml:mrow>
                    <mml:msub>
                      <mml:mover>
                        <mml:mi>f</mml:mi>
                        <mml:mo accent="true">̃</mml:mo>
                      </mml:mover>
                      <mml:mi>Y</mml:mi>
                    </mml:msub>
                    <mml:mrow>
                      <mml:mo stretchy="true" form="prefix">(</mml:mo>
                      <mml:mi>y</mml:mi>
                      <mml:mo stretchy="false" form="prefix">|</mml:mo>
                      <mml:mi>θ</mml:mi>
                      <mml:mo>,</mml:mo>
                      <mml:mi>λ</mml:mi>
                      <mml:mo stretchy="true" form="postfix">)</mml:mo>
                    </mml:mrow>
                    <mml:mo>=</mml:mo>
                    <mml:mi>λ</mml:mi>
                    <mml:mspace width="0.167em"/>
                    <mml:msub>
                      <mml:mover>
                        <mml:mi>f</mml:mi>
                        <mml:mo accent="true">̃</mml:mo>
                      </mml:mover>
                      <mml:mi>Z</mml:mi>
                    </mml:msub>
                    <mml:mrow>
                      <mml:mo stretchy="true" form="prefix">(</mml:mo>
                      <mml:mi>λ</mml:mi>
                      <mml:mspace width="0.167em"/>
                      <mml:mi>y</mml:mi>
                      <mml:mo stretchy="false" form="prefix">|</mml:mo>
                      <mml:mi>θ</mml:mi>
                      <mml:mo>,</mml:mo>
                      <mml:mi>λ</mml:mi>
                      <mml:mo stretchy="true" form="postfix">)</mml:mo>
                    </mml:mrow>
                    <mml:mo>=</mml:mo>
                    <mml:mi>λ</mml:mi>
                    <mml:mspace width="0.167em"/>
                    <mml:mi>g</mml:mi>
                    <mml:mrow>
                      <mml:mo stretchy="true" form="prefix">(</mml:mo>
                      <mml:mi>λ</mml:mi>
                      <mml:mspace width="0.167em"/>
                      <mml:mi>y</mml:mi>
                      <mml:mo stretchy="false" form="prefix">|</mml:mo>
                      <mml:mi>λ</mml:mi>
                      <mml:mo stretchy="true" form="postfix">)</mml:mo>
                    </mml:mrow>
                    <mml:mspace width="0.167em"/>
                    <mml:mo>exp</mml:mo>
                    <mml:mrow>
                      <mml:mo stretchy="true" form="prefix">(</mml:mo>
                      <mml:mfrac>
                        <mml:mrow>
                          <mml:mi>θ</mml:mi>
                          <mml:mspace width="0.167em"/>
                          <mml:mi>y</mml:mi>
                          <mml:mo>−</mml:mo>
                          <mml:mi>ψ</mml:mi>
                          <mml:mrow>
                            <mml:mo stretchy="true" form="prefix">(</mml:mo>
                            <mml:mi>θ</mml:mi>
                            <mml:mo stretchy="true" form="postfix">)</mml:mo>
                          </mml:mrow>
                        </mml:mrow>
                        <mml:mrow>
                          <mml:mn>1</mml:mn>
                          <mml:mi>/</mml:mi>
                          <mml:mi>λ</mml:mi>
                        </mml:mrow>
                      </mml:mfrac>
                      <mml:mo stretchy="true" form="postfix">)</mml:mo>
                    </mml:mrow>
                    <mml:mspace width="2.0em"/>
                    <mml:mrow>
                      <mml:mo stretchy="true" form="prefix">(</mml:mo>
                      <mml:mn>1</mml:mn>
                      <mml:mo stretchy="true" form="postfix">)</mml:mo>
                    </mml:mrow>
                  </mml:mrow>
                </mml:math>
              </alternatives>
            </disp-formula>
          </styled-content>
        </p>
        <p>where <inline-formula><alternatives><tex-math><![CDATA[\psi(\theta)=\log(\sec(\theta))]]></tex-math><mml:math xmlns:mml="http://www.w3.org/1998/Math/MathML" display="inline"><mml:mrow><mml:mi>ψ</mml:mi><mml:mrow><mml:mo stretchy="true" form="prefix">(</mml:mo><mml:mi>θ</mml:mi><mml:mo stretchy="true" form="postfix">)</mml:mo></mml:mrow><mml:mo>=</mml:mo><mml:mo>log</mml:mo><mml:mrow><mml:mo stretchy="true" form="prefix">(</mml:mo><mml:mo>sec</mml:mo><mml:mrow><mml:mo stretchy="true" form="prefix">(</mml:mo><mml:mi>θ</mml:mi><mml:mo stretchy="true" form="postfix">)</mml:mo></mml:mrow><mml:mo stretchy="true" form="postfix">)</mml:mo></mml:mrow></mml:mrow></mml:math></alternatives></inline-formula>.
  This is a <italic>reproductive exponential dispersion model</italic>
  in the language of Jorgensen
  (<xref alt="1997" rid="ref-jorgensen_1997-nb-article" ref-type="bibr">1997</xref>)
  and <inline-formula><alternatives><tex-math><![CDATA[\phi=1/\lambda]]></tex-math><mml:math xmlns:mml="http://www.w3.org/1998/Math/MathML" display="inline"><mml:mrow><mml:mi>ϕ</mml:mi><mml:mo>=</mml:mo><mml:mn>1</mml:mn><mml:mi>/</mml:mi><mml:mi>λ</mml:mi></mml:mrow></mml:math></alternatives></inline-formula>
  is the so-called dispersion parameter. Clearly, if
  <inline-formula><alternatives><tex-math><![CDATA[\lambda]]></tex-math><mml:math xmlns:mml="http://www.w3.org/1998/Math/MathML" display="inline"><mml:mi>λ</mml:mi></mml:math></alternatives></inline-formula>
  is unknown then <inline-formula><alternatives><tex-math><![CDATA[\tilde{f}_Y(y|\theta,\lambda)]]></tex-math><mml:math xmlns:mml="http://www.w3.org/1998/Math/MathML" display="inline"><mml:mrow><mml:msub><mml:mover><mml:mi>f</mml:mi><mml:mo accent="true">̃</mml:mo></mml:mover><mml:mi>Y</mml:mi></mml:msub><mml:mrow><mml:mo stretchy="true" form="prefix">(</mml:mo><mml:mi>y</mml:mi><mml:mo stretchy="false" form="prefix">|</mml:mo><mml:mi>θ</mml:mi><mml:mo>,</mml:mo><mml:mi>λ</mml:mi><mml:mo stretchy="true" form="postfix">)</mml:mo></mml:mrow></mml:mrow></mml:math></alternatives></inline-formula>
  is not a two-dimensional exponential family.</p>
        <p>We will follow Morris
  (<xref alt="1982" rid="ref-morris_1982_1-nb-article" ref-type="bibr">1982</xref>)
  and call the family <inline-formula><alternatives><tex-math><![CDATA[\tilde{f}_Y(y|\theta,\lambda)]]></tex-math><mml:math xmlns:mml="http://www.w3.org/1998/Math/MathML" display="inline"><mml:mrow><mml:msub><mml:mover><mml:mi>f</mml:mi><mml:mo accent="true">̃</mml:mo></mml:mover><mml:mi>Y</mml:mi></mml:msub><mml:mrow><mml:mo stretchy="true" form="prefix">(</mml:mo><mml:mi>y</mml:mi><mml:mo stretchy="false" form="prefix">|</mml:mo><mml:mi>θ</mml:mi><mml:mo>,</mml:mo><mml:mi>λ</mml:mi><mml:mo stretchy="true" form="postfix">)</mml:mo></mml:mrow></mml:mrow></mml:math></alternatives></inline-formula>
  the NEF-GHS. The mean and variance of the NEF-GHS are given by:</p>
        <p>We can reparametrise in terms of the mean
  <inline-formula><alternatives><tex-math><![CDATA[\mu]]></tex-math><mml:math xmlns:mml="http://www.w3.org/1998/Math/MathML" display="inline"><mml:mi>μ</mml:mi></mml:math></alternatives></inline-formula>
  and the dispersion parameter <inline-formula><alternatives><tex-math><![CDATA[\phi=1/\lambda]]></tex-math><mml:math xmlns:mml="http://www.w3.org/1998/Math/MathML" display="inline"><mml:mrow><mml:mi>ϕ</mml:mi><mml:mo>=</mml:mo><mml:mn>1</mml:mn><mml:mi>/</mml:mi><mml:mi>λ</mml:mi></mml:mrow></mml:math></alternatives></inline-formula>
  as follows</p>
        <p>
          <disp-formula>
            <alternatives>
              <tex-math><![CDATA[
  f(y|\mu,\phi)=\tilde{f}(y|\arctan(\mu),1/\phi)=
  \frac{1}{\psi}\,g(y/\psi|1/\psi)\,
  \exp\left(\lambda\left[y\,\arctan(\mu)-\frac{1}{2}\log(1+\mu^2)\right]\right)
  ]]></tex-math>
              <mml:math xmlns:mml="http://www.w3.org/1998/Math/MathML" display="block">
                <mml:mrow>
                  <mml:mi>f</mml:mi>
                  <mml:mrow>
                    <mml:mo stretchy="true" form="prefix">(</mml:mo>
                    <mml:mi>y</mml:mi>
                    <mml:mo stretchy="false" form="prefix">|</mml:mo>
                    <mml:mi>μ</mml:mi>
                    <mml:mo>,</mml:mo>
                    <mml:mi>ϕ</mml:mi>
                    <mml:mo stretchy="true" form="postfix">)</mml:mo>
                  </mml:mrow>
                  <mml:mo>=</mml:mo>
                  <mml:mover>
                    <mml:mi>f</mml:mi>
                    <mml:mo accent="true">̃</mml:mo>
                  </mml:mover>
                  <mml:mrow>
                    <mml:mo stretchy="true" form="prefix">(</mml:mo>
                    <mml:mi>y</mml:mi>
                    <mml:mo stretchy="false" form="prefix">|</mml:mo>
                    <mml:mo>arctan</mml:mo>
                    <mml:mrow>
                      <mml:mo stretchy="true" form="prefix">(</mml:mo>
                      <mml:mi>μ</mml:mi>
                      <mml:mo stretchy="true" form="postfix">)</mml:mo>
                    </mml:mrow>
                    <mml:mo>,</mml:mo>
                    <mml:mn>1</mml:mn>
                    <mml:mi>/</mml:mi>
                    <mml:mi>ϕ</mml:mi>
                    <mml:mo stretchy="true" form="postfix">)</mml:mo>
                  </mml:mrow>
                  <mml:mo>=</mml:mo>
                  <mml:mfrac>
                    <mml:mn>1</mml:mn>
                    <mml:mi>ψ</mml:mi>
                  </mml:mfrac>
                  <mml:mspace width="0.167em"/>
                  <mml:mi>g</mml:mi>
                  <mml:mrow>
                    <mml:mo stretchy="true" form="prefix">(</mml:mo>
                    <mml:mi>y</mml:mi>
                    <mml:mi>/</mml:mi>
                    <mml:mi>ψ</mml:mi>
                    <mml:mo stretchy="false" form="prefix">|</mml:mo>
                    <mml:mn>1</mml:mn>
                    <mml:mi>/</mml:mi>
                    <mml:mi>ψ</mml:mi>
                    <mml:mo stretchy="true" form="postfix">)</mml:mo>
                  </mml:mrow>
                  <mml:mspace width="0.167em"/>
                  <mml:mo>exp</mml:mo>
                  <mml:mrow>
                    <mml:mo stretchy="true" form="prefix">(</mml:mo>
                    <mml:mi>λ</mml:mi>
                    <mml:mrow>
                      <mml:mo stretchy="true" form="prefix">[</mml:mo>
                      <mml:mi>y</mml:mi>
                      <mml:mspace width="0.167em"/>
                      <mml:mo>arctan</mml:mo>
                      <mml:mrow>
                        <mml:mo stretchy="true" form="prefix">(</mml:mo>
                        <mml:mi>μ</mml:mi>
                        <mml:mo stretchy="true" form="postfix">)</mml:mo>
                      </mml:mrow>
                      <mml:mo>−</mml:mo>
                      <mml:mfrac>
                        <mml:mn>1</mml:mn>
                        <mml:mn>2</mml:mn>
                      </mml:mfrac>
                      <mml:mo>log</mml:mo>
                      <mml:mrow>
                        <mml:mo stretchy="true" form="prefix">(</mml:mo>
                        <mml:mn>1</mml:mn>
                        <mml:mo>+</mml:mo>
                        <mml:msup>
                          <mml:mi>μ</mml:mi>
                          <mml:mn>2</mml:mn>
                        </mml:msup>
                        <mml:mo stretchy="true" form="postfix">)</mml:mo>
                      </mml:mrow>
                      <mml:mo stretchy="true" form="postfix">]</mml:mo>
                    </mml:mrow>
                    <mml:mo stretchy="true" form="postfix">)</mml:mo>
                  </mml:mrow>
                </mml:mrow>
              </mml:math>
            </alternatives>
          </disp-formula>
        </p>
        <p>Form the above we obtain that <inline-formula><alternatives><tex-math><![CDATA[g(\mu)=\arctan(\mu)]]></tex-math><mml:math xmlns:mml="http://www.w3.org/1998/Math/MathML" display="inline"><mml:mrow><mml:mi>g</mml:mi><mml:mrow><mml:mo stretchy="true" form="prefix">(</mml:mo><mml:mi>μ</mml:mi><mml:mo stretchy="true" form="postfix">)</mml:mo></mml:mrow><mml:mo>=</mml:mo><mml:mo>arctan</mml:mo><mml:mrow><mml:mo stretchy="true" form="prefix">(</mml:mo><mml:mi>μ</mml:mi><mml:mo stretchy="true" form="postfix">)</mml:mo></mml:mrow></mml:mrow></mml:math></alternatives></inline-formula>
  is the corresponding canonical link of the family.</p>
        <sec specific-use="notebook-content">
          <code language="r script">   my_family &lt;- list(
       family   = "my_family",
       link     = "arctan",  
       linkfun  = function(mu)atan(mu), # canonical link function
       linkinv  = function(eta)tan(eta), # inverse link function
       variance = function(mu) 1+mu^2,
       mu.eta   = function(eta) sec(eta)^2, # Derivative of mean wrt eta
       dev.resids = function(y, mu,wt){2*wt*y(atan(y)-atan(mu))+log((1+mu^2)/(1+y^2))}, # Deviance residuals
       aic = function(y, mu, weights, data) 1, # AIC
       validmu = function(mu) is.finite(mu) , # Valid mu
       valideta = function(eta) abs(eta)&lt;pi/2
   )
   class(my_family) &lt;- "family"</code>
        </sec>
        <sec specific-use="notebook-content">
          <code language="r script"> nef_ghs&lt;-gaussian()


nef_ghs$family = "nef ghs"
nef_ghs$link     = "arctan"
nef_ghs$linkfun  = function(mu)atan(mu) # canonical link function
nef_ghs$linkinv  = function(eta)tan(eta) # inverse link function
nef_ghs$variance = function(mu) 1+mu^2
nef_ghs$mu.eta   = function(eta) sec(eta)^2 # Derivative of mean wrt eta
nef_ghs$dev.resids = function(y, mu,wt){2*wt*y(atan(y)-atan(mu))+log((1+mu^2)/(1+y^2))} # Deviance residuals
nef_ghs$aic = function(y, mu, weights, data) 1 # AIC
nef_ghs$validmu = function(mu) is.finite(mu)  # Valid mu
nef_ghs$valideta = function(eta) abs(eta)&lt;pi/2
nef_ghs$dispersion = 1

str(nef_ghs)</code>
          <boxed-text>
            <preformat>List of 12
 $ family    : chr "nef ghs"
 $ link      : chr "arctan"
 $ linkfun   :function (mu)  
 $ linkinv   :function (eta)  
 $ variance  :function (mu)  
 $ dev.resids:function (y, mu, wt)  
 $ aic       :function (y, mu, weights, data)  
 $ mu.eta    :function (eta)  
 $ initialize:  expression({  n &lt;- rep.int(1, nobs)  if (is.null(etastart) &amp;&amp; is.null(start) &amp;&amp; is.null(mustart) &amp;&amp; ((family$link| __truncated__
 $ validmu   :function (mu)  
 $ valideta  :function (eta)  
 $ dispersion: num 1
 - attr(*, "class")= chr "family"</preformat>
          </boxed-text>
        </sec>
        <sec specific-use="notebook-content">
          <code language="r script">y1&lt;-rnorm(100,4,1)
y2&lt;-rnorm(100,6,1)
y&lt;-c(y1,y2)
x&lt;-c(rep(0,100),rep(1,100))
df &lt;-data.frame(x=x,y=y)

lin_mod&lt;-lm( y ~ x, data = df)

summary(lin_mod)$coeff</code>
          <boxed-text>
            <preformat>            Estimate Std. Error  t value     Pr(&gt;|t|)
(Intercept) 4.075987  0.1017522 40.05796 6.499994e-97
x           1.996470  0.1438994 13.87407 5.069413e-31</preformat>
          </boxed-text>
          <code language="r script">#clon_lin_mod&lt;-   glm( y ~ x, data = df, family = nef_ghs)

#summary(clon_lin_mod)$coeff</code>
        </sec>
      </sec>
      <sec id="parameter-interpretation-nb-article">
        <title>Parameter interpretation</title>
        <p>all in MOrris the mean measures symmetry with limits
  <inline-formula><alternatives><tex-math><![CDATA[\mu=0]]></tex-math><mml:math xmlns:mml="http://www.w3.org/1998/Math/MathML" display="inline"><mml:mrow><mml:mi>μ</mml:mi><mml:mo>=</mml:mo><mml:mn>0</mml:mn></mml:mrow></mml:math></alternatives></inline-formula>
  is symmetric and <inline-formula><alternatives><tex-math><![CDATA[|\mu|\to \infty]]></tex-math><mml:math xmlns:mml="http://www.w3.org/1998/Math/MathML" display="inline"><mml:mrow><mml:mrow><mml:mo stretchy="true" form="prefix">|</mml:mo><mml:mi>μ</mml:mi><mml:mo stretchy="true" form="postfix">|</mml:mo></mml:mrow><mml:mo>→</mml:mo><mml:mi>∞</mml:mi></mml:mrow></mml:math></alternatives></inline-formula>
  is a gamma, see also page 103 of Jorgensen</p>
        <p><inline-formula><alternatives><tex-math><![CDATA[\lambda \to \infty]]></tex-math><mml:math xmlns:mml="http://www.w3.org/1998/Math/MathML" display="inline"><mml:mrow><mml:mi>λ</mml:mi><mml:mo>→</mml:mo><mml:mi>∞</mml:mi></mml:mrow></mml:math></alternatives></inline-formula>
  also converges to normal</p>
        <p>when <inline-formula><alternatives><tex-math><![CDATA[\mu=0]]></tex-math><mml:math xmlns:mml="http://www.w3.org/1998/Math/MathML" display="inline"><mml:mrow><mml:mi>μ</mml:mi><mml:mo>=</mml:mo><mml:mn>0</mml:mn></mml:mrow></mml:math></alternatives></inline-formula>
  the distribution is symmeytric and tails are exponential</p>
        <p>for postive <inline-formula><alternatives><tex-math><![CDATA[\theta]]></tex-math><mml:math xmlns:mml="http://www.w3.org/1998/Math/MathML" display="inline"><mml:mi>θ</mml:mi></mml:math></alternatives></inline-formula>
  the riight tail is the same as an specific gamma (Morris end of
  section 5)</p>
      </sec>
      <sec id="likelihood-inference-nb-article">
        <title>likelihood inference</title>
        <p>
          <disp-formula>
            <alternatives>
              <tex-math><![CDATA[
  \ell(\beta,\phi)
  ]]></tex-math>
              <mml:math xmlns:mml="http://www.w3.org/1998/Math/MathML" display="block">
                <mml:mrow>
                  <mml:mo>ℓ</mml:mo>
                  <mml:mrow>
                    <mml:mo stretchy="true" form="prefix">(</mml:mo>
                    <mml:mi>β</mml:mi>
                    <mml:mo>,</mml:mo>
                    <mml:mi>ϕ</mml:mi>
                    <mml:mo stretchy="true" form="postfix">)</mml:mo>
                  </mml:mrow>
                </mml:mrow>
              </mml:math>
            </alternatives>
          </disp-formula>
        </p>
      </sec>
    </body>
    <back>
      <ref-list>
        <title/>
        <ref id="ref-Harkness_GHS-nb-article">
          <element-citation publication-type="article-journal">
            <person-group person-group-type="author">
              <name>
                <surname>Harkness</surname>
                <given-names>W. L.</given-names>
              </name>
              <name>
                <surname>Harkness</surname>
                <given-names>M. L.</given-names>
              </name>
            </person-group>
            <article-title>Generalized hyperbolic secant distributions</article-title>
            <source>Journal of the American Statistical Association</source>
            <publisher-name>[American Statistical Association, Taylor &amp; Francis, Ltd.]</publisher-name>
            <year iso-8601-date="1968">1968</year>
            <date-in-citation content-type="access-date">
              <year iso-8601-date="2025-05-05">2025</year>
              <month>05</month>
              <day>05</day>
            </date-in-citation>
            <volume>63</volume>
            <issue>321</issue>
            <issn>01621459, 1537274X</issn>
            <uri>http://www.jstor.org/stable/2283852</uri>
            <fpage>329</fpage>
            <lpage>337</lpage>
          </element-citation>
        </ref>
        <ref id="ref-abramowitz_stegun-nb-article">
          <element-citation publication-type="book">
            <person-group person-group-type="author">
              <name>
                <surname>Abramowitz</surname>
                <given-names>Milton</given-names>
              </name>
              <name>
                <surname>Stegun</surname>
                <given-names>Irene A.</given-names>
              </name>
            </person-group>
            <source>Handbook of mathematical functions with formulas, graphs, and mathematical tables</source>
            <publisher-name>Dover</publisher-name>
            <publisher-loc>New York City</publisher-loc>
            <year iso-8601-date="1964">1964</year>
            <edition>ninth Dover printing, tenth GPO printing</edition>
          </element-citation>
        </ref>
        <ref id="ref-McCullagh_Nelder_1989-nb-article">
          <element-citation publication-type="book">
            <person-group person-group-type="author">
              <name>
                <surname>McCullagh</surname>
                <given-names>P.</given-names>
              </name>
              <name>
                <surname>Nelder</surname>
                <given-names>J. A.</given-names>
              </name>
            </person-group>
            <source>Generalized linear models</source>
            <publisher-name>Chapman &amp; Hall / CRC</publisher-name>
            <publisher-loc>London</publisher-loc>
            <year iso-8601-date="1989">1989</year>
          </element-citation>
        </ref>
        <ref id="ref-jorgensen_1997-nb-article">
          <element-citation publication-type="book">
            <person-group person-group-type="author">
              <name>
                <surname>Jorgensen</surname>
                <given-names>B.</given-names>
              </name>
            </person-group>
            <source>The theory of dispersion models</source>
            <publisher-name>Taylor &amp; Francis</publisher-name>
            <year iso-8601-date="1997">1997</year>
            <isbn>9780412997112</isbn>
            <uri>https://books.google.co.uk/books?id=0gO7bgs_eSYC</uri>
          </element-citation>
        </ref>
        <ref id="ref-morris_1982_1-nb-article">
          <element-citation publication-type="article-journal">
            <person-group person-group-type="author">
              <name>
                <surname>Morris</surname>
                <given-names>Carl N.</given-names>
              </name>
            </person-group>
            <article-title>Natural Exponential Families with Quadratic Variance Functions</article-title>
            <source>The Annals of Statistics</source>
            <publisher-name>Institute of Mathematical Statistics</publisher-name>
            <year iso-8601-date="1982">1982</year>
            <volume>10</volume>
            <issue>1</issue>
            <uri>https://doi.org/10.1214/aos/1176345690</uri>
            <pub-id pub-id-type="doi">10.1214/aos/1176345690</pub-id>
            <fpage>65 </fpage>
            <lpage> 80</lpage>
          </element-citation>
        </ref>
        <ref id="ref-gsl_package-nb-article">
          <element-citation publication-type="article-journal">
            <person-group person-group-type="author">
              <name>
                <surname>Hankin</surname>
                <given-names>Robin K. S.</given-names>
              </name>
            </person-group>
            <article-title>Special functions in r: Introducing the gsl package</article-title>
            <source>R News</source>
            <year iso-8601-date="2006">2006</year>
            <volume>6</volume>
          </element-citation>
        </ref>
      </ref-list>
    </back>
  </sub-article>
</article>
